6;"Logoo"
7;"org.flixel.FlxGame_SndBeep"
9;"org.flixel.system.debug.VCR_ImgOpen"
8;"org.flixel.system.debug.VCR_ImgPlay"
10;"org.flixel.system.debug.Vis_ImgBounds"
11;"org.flixel.system.debug.VCR_ImgFlixel"
12;"org.flixel.system.FlxPreloader_ImgLogoCorners"
14;"org.flixel.FlxSprite_ImgDefault"
13;"org.flixel.system.debug.VCR_ImgRecordOff"
16;"org.flixel.FlxGame_junk"
15;"org.flixel.system.FlxWindow_ImgHandle"
17;"org.flixel.system.debug.VCR_ImgStep"
18;"org.flixel.system.debug.VCR_ImgPause"
19;"org.flixel.FlxGame_ImgLogo"
19;"org.flixel.system.FlxPreloader_ImgLogo"
21;"org.flixel.FlxTilemap_ImgAuto"
20;"org.flixel.system.input.Mouse_ImgDefaultCursor"
7;"org.flixel.FlxGame_SndBeep"
22;"org.flixel.system.FlxPreloader_ImgLogoLight"
23;"org.flixel.system.debug.VCR_ImgRecordOn"
6;"Logoo"
24;"org.flixel.system.debug.VCR_ImgStop"
25;"org.flixel.system.debug.VCR_ImgRestart"
26;"org.flixel.FlxTilemap_ImgAutoAlt"
0;"Preloader"
68;"MaxGames_fla.MaxGames_MAXLOGOINTRO1_1"
69;"levels.Level_Sfxdie1"
70;"levels.Level_Sfxdie2"
71;"levels.Level_Sfxdie3"
72;"levels.Level_Sfxdie4"
73;"levels.Level_Sfxdie5"
74;"levels.Level_music"
75;"levels.Level_Sfxhansongoomba"
76;"levels.Level_Sfxkuslar"
77;"levels.Level_Sfxblockfalling"
78;"levels.Level_Sfxwind"
79;"levels.Menu_music"
80;"org.flixel.FlxButton_SndBeep"
81;"Cheerlover_Sfxjump"
82;"MonsterHans_Sfxfloor"
83;"MonsterHans_Sfxhurt"
84;"MonsterHans_Sfxjump"
85;"MonsterHans_Sfxwalk"
86;"Door2_Sfx2"
87;"Door2_Sfx"
88;"MonsterGoomba_Sfx"
89;"MonsterGoomba_Sfxdie"
90;"BlockDead_Sfx"
91;"Cheerleader_Sfxwalk2"
92;"Cheerleader_Sfxwalk1"
93;"Cheerleader_Sfxwalk4"
94;"Cheerleader_Sfxwalk3"
95;"Cheerleader_Sfxwalk5"
96;"Machine_SfxOpen"
97;"Machine_Sfx"
98;"Machine_SfxClose"
99;"Door_Sfx"
100;"Door_Sfx2"
101;"Lever_Sfx"
102;"BlockFalling_Sfx"
103;"Lever2_Sfx"
104;"MonsterGel_Sfxdie"
105;"MonsterGel_Sfxjump"
106;"Hans_Sfxjump1"
107;"Hans_Sfxhurt5"
108;"Hans_Sfxhurt4"
109;"Hans_Sfxhurt3"
110;"Hans_Sfxfloor1"
111;"Hans_Sfxfloor3"
112;"Hans_Sfxfloor2"
113;"Hans_Sfxwalk4"
114;"Hans_Sfxfloor5"
115;"Hans_Sfxwalk3"
116;"Hans_Sfxfloor4"
117;"Hans_Sfxwalk2"
118;"Hans_Sfxwalk1"
119;"Hans_Sfxwalk5"
120;"Hans_Sfxjump5"
121;"Hans_Sfxjump4"
122;"Hans_Sfxjump3"
123;"Hans_Sfxjump2"
124;"Hans_Sfxhurt1"
125;"Hans_Sfxhurt2"
126;"levels.Level43_music"
127;"levels.Level43_drama"
128;"levels.Level42_music"
129;"levels.Level3second_Sfx"
130;"levels.Level5_music"
131;"levels.Level17_music"
132;"levels.Level1_music"
133;"levels.Level13_music"
134;"levels.Level9_music"
135;"levels.Level19_music"
136;"levels.Level19_sound"
137;"levels.Level24_music"
138;"levels.Level22_music"
139;"levels.Level22_music2"
140;"levels.Level27_music"
141;"levels.Level35_music"
142;"levels.Level36_music"
143;"levels.Level39_Sfxhurt"
144;"levels.Level39_Sfxkutuol"
145;"levels.Level31_music"
146;"MusicGenerator_Sfx5"
147;"MusicGenerator_Sfx4"
148;"MusicGenerator_Sfx6"
149;"MusicGenerator_Sfx2"
150;"MusicGenerator_Sfx3"
151;"MusicGenerator_Sfx1"
152;"levels.AnimationHans_music"
153;"levels.AnimationHans_music2"
154;"Block_Sfx"
155;"PatternMatcher_Sfxyanlis"
156;"PatternMatcher_Sfxdogru"
157;"MonsterHansDying_Sfx"
158;"Lightbulb_Sfx1"
159;"Lightbulb_Sfx2"
160;"Lightbulb_Sfx3"
161;"Lightbulb_Sfx4"
162;"Lever_S_leverkucuk"
163;"levels.Level8_S_tiles"
164;"levels.Level20_S_tiles"
128;"levels.Level42_music"
163;"levels.Level37_S_tiles"
104;"MonsterGel_Sfxdie"
127;"levels.Level43_drama"
74;"levels.Level_music"
140;"levels.Level27_music"
166;"levels.Level9_S_tiles"
165;"HansGetSmaller_S_hans16"
167;"levels.Level43_S_"
73;"levels.Level_Sfxdie5"
168;"org.flixel.FlxButton_ImgDefaultButton"
169;"levels.Level38_S_on"
170;"levels.Level38_S_arka"
171;"levels.Level3_S_tiles"
171;"levels.Level4_S_tiles"
75;"levels.Level_Sfxhansongoomba"
165;"Hans_S_hans16"
120;"Hans_Sfxjump5"
102;"BlockFalling_Sfx"
121;"Hans_Sfxjump4"
122;"Hans_Sfxjump3"
123;"Hans_Sfxjump2"
172;"MonsterGoomba_S_monstergoomba"
164;"levels.Level23_S_tiles"
163;"levels.Level6_S_tiles"
173;"levels.Level30_S_tiles"
173;"levels.Level15_S_tiles"
88;"MonsterGoomba_Sfx"
152;"levels.AnimationHans_music"
171;"levels.Level3second_S_tiles"
158;"Lightbulb_Sfx1"
159;"Lightbulb_Sfx2"
160;"Lightbulb_Sfx3"
161;"Lightbulb_Sfx4"
174;"HansGetSmaller2_S_hans2"
175;"HansGetSmaller2_S_hans1"
173;"levels.Level14_S_tiles"
163;"levels.Level39_S_tiles"
91;"Cheerleader_Sfxwalk2"
176;"levels.Level39_S_kutufirlatan"
92;"Cheerleader_Sfxwalk1"
173;"levels.Level25_S_tiles"
93;"Cheerleader_Sfxwalk4"
94;"Cheerleader_Sfxwalk3"
141;"levels.Level35_music"
164;"levels.Level19_S_tiles"
171;"levels.Level41_S_tiles"
134;"levels.Level9_music"
95;"Cheerleader_Sfxwalk5"
87;"Door2_Sfx"
82;"MonsterHans_Sfxfloor"
97;"Machine_Sfx"
163;"levels.Level35_S_tiles"
132;"levels.Level1_music"
177;"levels.Level43_S_hans"
178;"MonsterHansDying_S_"
85;"MonsterHans_Sfxwalk"
179;"levels.Menu_S_"
180;"Door_S_kapi"
137;"levels.Level24_music"
173;"levels.Level28_S_tiles"
144;"levels.Level39_Sfxkutuol"
12;"Main_ImgLogoCorners"
126;"levels.Level43_music"
149;"MusicGenerator_Sfx2"
68;"MaxGames_fla.MaxGames_MAXLOGOINTRO1_1"
150;"MusicGenerator_Sfx3"
151;"MusicGenerator_Sfx1"
181;"Cloud_S_"
163;"levels.Level35second_S_tiles"
182;"Hans_S_dusme"
183;"Door2_S_kapi"
165;"HansGetSmaller2_S_hans16"
80;"org.flixel.FlxButton_SndBeep"
101;"Lever_Sfx"
184;"Block_S_block"
166;"levels.Level34_S_tiles"
185;"Lever2_S_lever"
186;"BlockFalling_S_yan"
187;"levels.Level40_S_"
146;"MusicGenerator_Sfx5"
147;"MusicGenerator_Sfx4"
148;"MusicGenerator_Sfx6"
133;"levels.Level13_music"
188;"BlockDiken_S_"
164;"levels.Level18_S_tiles"
189;"Lightbulb_S_"
163;"levels.Level38_S_tiles"
69;"levels.Level_Sfxdie1"
98;"Machine_SfxClose"
70;"levels.Level_Sfxdie2"
71;"levels.Level_Sfxdie3"
72;"levels.Level_Sfxdie4"
155;"PatternMatcher_Sfxyanlis"
173;"levels.Level16_S_tiles"
103;"Lever2_Sfx"
173;"levels.Level29_S_tiles"
154;"Block_Sfx"
190;"Girl2_S_"
191;"Bird2_S_"
185;"Lever_S_lever"
163;"levels.Level40_S_tiles"
192;"Tel_S_"
131;"levels.Level17_music"
193;"Cheerleader_S_cheerleader16"
129;"levels.Level3second_Sfx"
142;"levels.Level36_music"
194;"logoButton_logoInGame"
143;"levels.Level39_Sfxhurt"
84;"MonsterHans_Sfxjump"
195;"Bg_S_12"
196;"Bg_S_11"
198;"levels.Level43_S_cheer"
197;"Bg_S_10"
199;"HansGetSmaller2_S_hans"
183;"Door2UpsideDown_S_kapi"
130;"levels.Level5_music"
201;"levels.Level1_S_tutoWASD"
200;"Bg_S_17"
81;"Cheerlover_Sfxjump"
203;"Bg_S_16"
202;"Bg_S_7"
205;"Bg_S_6"
204;"Bg_S_15"
207;"Bg_S_9"
206;"Bg_S_14"
209;"Bg_S_13"
208;"Bg_S_8"
210;"Bg_S_2"
211;"Bg_S_3"
212;"Bg_S_4"
213;"Bg_S_5"
214;"Bg_S_1"
100;"Door_Sfx2"
166;"levels.Level10_S_tiles"
163;"levels.Level36_S_tiles"
83;"MonsterHans_Sfxhurt"
215;"logoButton_logoInGame16"
166;"levels.Level31_S_tiles"
216;"BlockFalling_S_duz"
164;"levels.Level21_S_tiles"
217;"levels.Level2_S_tuto"
219;"logoButton_logoInGame4"
218;"logoButton_handCursor"
220;"logoButton_logoInGame8"
164;"levels.Level22_S_tiles"
221;"Cheerleader_S_cheerleader"
222;"Machine_S_machine"
223;"levels.Level1_S_tutoDirs"
166;"levels.Level11_S_tiles"
181;"Cloud2_S_"
166;"levels.Level33_S_tiles"
224;"logoButton_logoInGame2"
163;"levels.Level7_S_tiles"
96;"Machine_SfxOpen"
136;"levels.Level19_sound"
173;"levels.Level13_S_tiles"
225;"Cheerleader_S_cheerleader2"
226;"Cheerleader_S_cheerleader4"
22;"Main_ImgLogoLight"
107;"Hans_Sfxhurt5"
227;"Cheerleader_S_cheerleader8"
108;"Hans_Sfxhurt4"
105;"MonsterGel_Sfxjump"
109;"Hans_Sfxhurt3"
228;"TutoSpace_S_tutoSpace"
89;"MonsterGoomba_Sfxdie"
113;"Hans_Sfxwalk4"
115;"Hans_Sfxwalk3"
117;"Hans_Sfxwalk2"
135;"levels.Level19_music"
118;"Hans_Sfxwalk1"
138;"levels.Level22_music"
77;"levels.Level_Sfxblockfalling"
229;"HansGetSmaller2_S_hans8"
171;"levels.Level42_S_tiles"
119;"Hans_Sfxwalk5"
163;"levels.Level5_S_tiles"
199;"HansGetSmaller_S_hans"
230;"HansGetSmaller2_S_hans4"
171;"levels.Level2_S_tiles"
166;"levels.Level12_S_tiles"
162;"Lever2_S_leverkucuk"
90;"BlockDead_Sfx"
231;"MonsterGelBlue_S_monstergel"
173;"levels.Level27second_S_tiles"
164;"levels.Level17_S_tiles"
145;"levels.Level31_music"
230;"HansGetSmaller_S_hans4"
175;"HansGetSmaller_S_hans1"
174;"HansGetSmaller_S_hans2"
232;"Block_S_blockkucuk"
229;"HansGetSmaller_S_hans8"
78;"levels.Level_Sfxwind"
233;"Bg_S_hans"
199;"MonsterHans_S_"
171;"levels.Level1_S_tiles"
106;"Hans_Sfxjump1"
234;"MonsterGoomba_S_monstergoomba1"
175;"Hans_S_hans1"
110;"Hans_Sfxfloor1"
174;"Hans_S_hans2"
111;"Hans_Sfxfloor3"
139;"levels.Level22_music2"
112;"Hans_Sfxfloor2"
114;"Hans_Sfxfloor5"
116;"Hans_Sfxfloor4"
99;"Door_Sfx"
157;"MonsterHansDying_Sfx"
199;"Hans_S_hans"
235;"MonsterGel_S_monstergel"
173;"levels.Level24_S_tiles"
229;"Hans_S_hans8"
156;"PatternMatcher_Sfxdogru"
230;"Hans_S_hans4"
79;"levels.Menu_music"
153;"levels.AnimationHans_music2"
166;"levels.Level32_S_tiles"
236;"Girl1_S_"
173;"levels.Level27_S_tiles"
237;"BlockDead_S_duz"
191;"Bird_S_"
225;"Cheerlover_S_cheerleader2"
86;"Door2_Sfx2"
124;"Hans_Sfxhurt1"
125;"Hans_Sfxhurt2"
173;"levels.Level26_S_tiles"
238;"BlockDead_S_yan"
76;"levels.Level_Sfxkuslar"
